<?xml version="1.0" encoding="UTF-8"?><!--
        *** GENERATED FROM jax-ws.xml - DO NOT EDIT !                             ***
        *** TO MODIFY wsimport options USE Web Service node -> Edit WS Attributes ***
        *** TO CHANGE TARGETS GENERATED TO jaxws-build.xml COPY THOSE             ***
        *** TARGETS TO ../build.xml AND MODIFY THAT FILE INSTEAD                  ***

        --><project xmlns:xalan="http://xml.apache.org/xslt" xmlns:j2seproject3="http://www.netbeans.org/ns/j2se-project/3" xmlns:jaxws="http://www.netbeans.org/ns/jax-ws/1">
    <!--
                ===================
                JAX-WS WSIMPORT SECTION
                ===================
            -->
    <target name="wsimport-init" depends="init">
        <mkdir dir="${build.generated.sources.dir}/jax-ws"/>
        <taskdef name="wsimport" classname="com.sun.tools.ws.ant.WsImport">
            <classpath path="${libs.jaxws21.classpath}"/>
        </taskdef>
    </target>
    <target name="wsimport-client-WFStats" depends="wsimport-init">
        <mkdir dir="${build.generated.dir}/jax-wsCache/WFStats"/>
        <property name="wsdl-WFStats" location="xml-resources/web-service-references/WFStats/wsdl/swcwin.serv.usu.edu_5200/WFStats.asmx.wsdl"/>
        <wsimport sourcedestdir="${build.generated.dir}/jax-wsCache/WFStats" destdir="${build.generated.dir}/jax-wsCache/WFStats" wsdl="${wsdl-WFStats}" catalog="catalog.xml" extension="true" verbose="true" wsdlLocation="http://swcwin.serv.usu.edu:5200/WFStats.asmx?wsdl" xnocompile="true" xendorsed="true" package="Webservice">
            <depends file="${wsdl-WFStats}"/>
            <produces dir="${build.generated.dir}/jax-wsCache/WFStats"/>
        </wsimport>
        <copy todir="${build.generated.sources.dir}/jax-ws">
            <fileset dir="${build.generated.dir}/jax-wsCache/WFStats">
                <include name="**/*.java"/>
            </fileset>
        </copy>
    </target>
    <target name="wsimport-client-clean-WFStats" depends="-init-project">
        <delete dir="${build.generated.dir}/jax-wsCache/WFStats"/>
        <delete dir="${build.generated.sources.dir}/jax-ws/Webservice"/>
    </target>
    <target name="wsimport-client-generate" depends="wsimport-client-WFStats"/>
</project>
